,0,1,2,3,4,5,6,7,8,9,10,11,12,13,14,15,16,17,18,19,20,21,22,23,24,25,26,27,28,29,30,31,32,33,34,35,36,37,38,39,40,41,42,43,44,45,46,47,48,49,50,51,52,53,54,55,56,57,58,59,60,61,62,63,64,65,66,67,68,69,70,71,72,73,74,75,76,77,78,79,80,81,82,83,84,85,86,87,88,89,90,91,92,93,94,95,96,97,98,99,100
0,Name,Aurora Cannabis,Ford,GE,Fitbit,GoPro,Microsoft,Apple,Disney,Cronos Group,Canopy Growth,Snap,AMD,Plug Power,Facebook,Tesla,Zynga,Alibaba,Twitter,Amazon,Uber,Chesapeake Energy,Bank of America,NIO,Netflix,AT&T,Starbucks,NVIDIA,Aphria,Groupon,Square,Sprint,Sirius XM,Coca-Cola,Beyond Meat,Vanguard S&P 500 ETF,Corbus Pharmaceuticals,Activision Blizzard,Slack,Nike,Lyft,Micron Technology,Visa,Intel,Vivint Solar,Nokia,PG&E,Cisco,J.C. Penney,SPDR S&P 500 ETF,Tilray,PayPal,Tencent,ETFMG Alternative Harvest,Berkshire Hathaway,iQIYI,New Residential Investment,Glu Mobile,Yamana Gold,Walmart,Salesforce,Boeing,Roku,Denbury,Vanguard Total Stock Market ETF,Pfizer,Viking Therapeutics,Enphase Energy,Alphabet,Shopify,Twilio,JD.com,GM,Verizon,Dropbox,Catalyst Pharmaceuticals,Luckin Coffee,Costco,Pinterest,Bilibili,Sony,AK Steel,CVS,Cara Therapeutics,AbbVie,YETI,CRISPR,SunPower,Target,Teva Pharmaceutical,Limelight Networks,McDonald's,Under Armour,Global X Robotics & Artificial Intelligence ETF,Stitch Fix,VelocityShares 3x Long Natural Gas ETN linked to the S&P GSCI Natural Gas Index Excess Return,Johnson & Johnson,Kraft Foods,Alphabet,Waste Management,Altria
1,Symbol,ACB,F,GE,FIT,GPRO,MSFT,AAPL,DIS,CRON,CGC,SNAP,AMD,PLUG,FB,TSLA,ZNGA,BABA,TWTR,AMZN,UBER,CHK,BAC,NIO,NFLX,T,SBUX,NVDA,APHA,GRPN,SQ,S,SIRI,KO,BYND,VOO,CRBP,ATVI,WORK,NKE,LYFT,MU,V,INTC,VSLR,NOK,PCG,CSCO,JCP,SPY,TLRY,PYPL,TCEHY,MJ,BRK.B,IQ,NRZ,GLUU,AUY,WMT,CRM,BA,ROKU,DNR,VTI,PFE,VKTX,ENPH,GOOGL,SHOP,TWLO,JD,GM,VZ,DBX,CPRX,LK,COST,PINS,BILI,SNE,AKS,CVS,CARA,ABBV,YETI,CRSP,SPWR,TGT,TEVA,LLNW,MCD,UAA,BOTZ,SFIX,UGAZ,JNJ,KHC,GOOG,WM,MO
2,Price,$2.53,$9.10,$11.28,$7.04,$3.98,$152.42,$267.90,$151.48,$6.87,$18.85,$15.35,$39.35,$4.04,$201.95,$331.00,$6.23,$200.50,$31.16,"$1,816.01",$29.49,$0.619,$33.41,$2.46,$315.93,$37.70,$85.77,$218.20,$4.72,$2.91,$69.64,$5.91,$6.93,$53.95,$81.77,$289.73,$4.60,$54.48,$22.64,$94.14,$49.37,$48.18,$184.37,$58.50,$7.44,$3.45,$7.59,$45.24,$1.12,$315.48,$20.30,$107.75,$42.90,$17.27,$220.50,$19.60,$15.47,$5.16,$3.50,$118.76,$161.51,$368.20,$161.49,$1.01,$160.71,$38.63,$7.45,$23.02,"$1,312.13",$341.00,$103.00,$33.15,$36.14,$60.10,$18.72,$4.68,$31.41,$300.76,$19.73,$17.00,$63.72,$2.78,$75.19,$25.99,$88.33,$32.00,$67.34,$7.51,$126.00,$10.45,$4.26,$196.30,$19.10,$21.69,$23.97,$11.75,$137.75,$30.37,"$1,312.99",$112.94,$49.70
3,Today,5.86%,1.00%,0.62%,2.18%,2.05%,0.26%,1.37%,0.11%,1.93%,4.09%,0.71%,0.92%,3.59%,1.50%,0.63%,0.48%,2.98%,0.65%,1.06%,0.14%,3.84%,0.18%,7.89%,1.10%,0.80%,1.43%,0.63%,3.96%,1.39%,1.02%,0.84%,0.43%,0.09%,2.95%,0.46%,0.66%,0.57%,2.49%,0.87%,0.76%,3.14%,1.00%,0.68%,2.20%,0.58%,1.61%,0.15%,4.27%,0.45%,1.25%,1.46%,0.20%,1.71%,0.73%,2.03%,0.19%,0.00%,2.51%,0.36%,0.63%,1.42%,1.70%,0.98%,0.46%,0.89%,4.63%,7.02%,0.07%,1.43%,0.40%,0.88%,0.64%,0.35%,0.95%,7.09%,2.15%,0.16%,1.08%,1.19%,0.90%,2.96%,0.33%,5.87%,0.70%,5.12%,2.07%,4.02%,0.70%,5.88%,0.71%,1.18%,6.17%,0.46%,0.38%,4.08%,0.42%,0.33%,0.04%,0.05%,0.98%
4,Market Cap,2.63B,35.69B,101.13B,1.76B,624.58M,1.15T,1.18T,269.80B,2.37B,6.41B,21.70B,44.31B,965.96M,569.89B,60.62B,5.94B,498.57B,23.71B,879.46B,49.66B,1.13B,301.07B,2.16B,138.29B,272.18B,98.91B,135.38B,1.15B,1.65B,29.02B,24.39B,30.30B,228.02B,4.75B,126.56B,304.61M,41.28B,12.24B,145.02B,14.57B,52.61B,318.00B,255.82B,887.58M,19.66B,3.92B,192.81B,368.00M,286.14B,2.09B,122.64B,407.21M,699.73M,535.49B,13.87B,6.44B,774.12M,3.26B,338.24B,141.82B,209.99B,19.34B,492.93M,132.85B,214.06B,519.58M,2.59B,900.89B,36.75B,14.18B,47.62B,51.16B,245.58B,7.90B,462.68M,7.69B,131.48B,10.58B,5.24B,78.40B,857.50M,99.63B,1.14B,129.78B,2.54B,3.90B,1.05B,63.43B,11.89B,509.21M,144.51B,7.45B,1.48B,2.32B,1.12B,361.04B,37.93B,900.89B,46.80B,92.02B
5,Popularity,"567,156","313,566","295,969","264,182","241,871","233,864","206,579","196,175","184,141","170,324","162,706","162,673","139,273","126,013","125,214","121,155","120,794","120,788","117,539","116,861","114,746","105,237","102,457","97,107","93,532","91,925","87,538","86,676","80,565","75,465","59,756","55,909","54,931","52,526","52,269","51,437","49,836","49,615","48,534","46,788","46,619","44,144","43,370","42,866","41,856","41,064","40,096","39,937","39,580","39,545","39,364","37,713","37,676","36,530","36,000","35,571","35,452","35,324","34,406","33,243","32,839","32,113","31,674","30,069","30,062","29,901","29,852","29,792","29,767","29,087","28,845","28,748","28,035","27,827","26,418","26,176","25,714","25,454","24,638","24,320","22,945","22,451","22,392","22,294","22,078","22,011","21,851","21,228","21,062","20,731","20,664","20,556","20,420","20,117","19,718","19,141","18,780","18,658","18,408","17,915"
6,Analyst Ratings,44% Buy,33% Buy,40% Buy,10% Buy,—,91% Buy,51% Buy,76% Buy,36% Buy,48% Buy,38% Buy,39% Buy,75% Buy,88% Buy,37% Buy,76% Buy,98% Buy,24% Buy,98% Buy,68% Buy,12% Buy,56% Buy,9% Buy,68% Buy,44% Buy,32% Buy,70% Buy,67% Buy,27% Buy,43% Buy,6% Buy,53% Buy,57% Buy,15% Buy,—,—,76% Buy,50% Buy,69% Buy,66% Buy,58% Buy,92% Buy,37% Buy,100% Buy,55% Buy,10% Buy,59% Buy,0% Buy,—,32% Buy,77% Buy,94% Buy,—,57% Buy,36% Buy,100% Buy,100% Buy,53% Buy,63% Buy,93% Buy,52% Buy,72% Buy,9% Buy,—,38% Buy,100% Buy,80% Buy,85% Buy,53% Buy,88% Buy,63% Buy,74% Buy,31% Buy,73% Buy,100% Buy,86% Buy,54% Buy,45% Buy,95% Buy,82% Buy,0% Buy,68% Buy,89% Buy,64% Buy,77% Buy,63% Buy,27% Buy,65% Buy,17% Buy,67% Buy,71% Buy,29% Buy,—,54% Buy,—,53% Buy,11% Buy,84% Buy,57% Buy,50% Buy
